{
  "format_version": "1.10",
  "minecraft:geometry": {
    "description": {
      "identifier": "geometry.mon_mob",
      "texture_width": 64,
      "texture_height": 64
    },
    "bones": [
      {
        "name": "head",
        "pivot": [0, 24, 0],
        "inflate": 0.1,
        "children": [
          {
            "name": "eye",
            "pivot": [0, 1, -1],
            "inflate": 0,
            "children": []
          }
        ]
      },
      {
        "name": "body",
        "pivot": [0, 20, 0],
        "inflate": 0.1,
        "children": []
      },
      {
        "name": "leg",
        "pivot": [0, 16, 0],
        "inflate": 0.1,
        "children": []
      }
    ]
  }
}