{
  "parent": "item/generated",
  "textures": {
    "layer0": "item/paper"
  },
  "overrides": [
    {
      "predicate": {
        "custom_model_data": 1
      },
      "model": "item/icon_miner_slot_1"
    },
    {
      "predicate": {
        "custom_model_data": 2
      },
      "model": "item/icon_miner_slot_2"
    },
    {
      "predicate": {
        "custom_model_data": 3
      },
      "model": "item/icon_miner_slot_3"
    },
    {
      "predicate": {
        "custom_model_data": 4
      },
      "model": "item/icon_miner_slot_4"
    },
    {
      "predicate": {
        "custom_model_data": 5
      },
      "model": "item/icon_miner_slot_5"
    },
    {
      "predicate": {
        "custom_model_data": 6
      },
      "model": "item/icon_miner_slot_6"
    },
    {
      "predicate": {
        "custom_model_data": 7
      },
      "model": "item/icon_miner_slot_7"
    },
    {
      "predicate": {
        "custom_model_data": 8
      },
      "model": "item/icon_miner_slot_8"
    },
    {
      "predicate": {
        "custom_model_data": 9
      },
      "model": "item/icon_miner_slot_9"
    },
    {
      "predicate": {
        "custom_model_data": 10
      },
      "model": "item/reserved_item"
    }
  ]
}