{
    "providers": [
        {
         "type": "bitmap",
         "file": "icons:chat/gamemodes.png",
         "ascent": 8,
         "height": 9,
         "chars": [
		 "\uDB81\uDC18\uDB81\uDC19\uDB81\uDC1A\uDB81\uDC1B\uDB81\uDC1C"
            ]
        },
      {
        "type": "bitmap",
        "file": "icons:chat/coin_4.png",
        "ascent": 13,
        "height": 13,
        "chars": [
          "\uDB81\uDC99"
        ]
      },
      {
        "type": "bitmap",
        "file": "icons:chat/coin_4_1.png",
        "ascent": 11,
        "height": 11,
        "chars": [
          "\uDB81\uDC98"
        ]
      },
      {
        "type": "bitmap",
        "file": "icons:chat/icon_hunter_00.png",
        "ascent": 64,
        "height": 64,
        "chars": [
          "\uDB81\uDC96"
        ]
      },
      {
        "type": "bitmap",
        "file": "icons:chat/icon_lumberjack_00.png",
        "ascent": 0,
        "height": 64,
        "chars": [
          "\uDB81\uDC94"
        ]
      },
      {
        "type": "bitmap",
        "file": "icons:chat/enchantbottle.png",
        "ascent": 9,
        "height": 9,
        "chars": [
          "\uDB81\uDC97"
        ]
      },
      {
        "type": "bitmap",
        "file": "icons:chat/container_27.png",
        "ascent": 19,
        "height": 256,
        "chars": [
          "\uDB81\uDC95"
        ]
      },
        {
         "type": "bitmap",
         "file": "icons:chat/advancement_categories.png",
         "ascent": 8,
         "height": 9,
         "chars": [
		 "\uDB81\uDC1D\uDB81\uDC1E\uDB81\uDC1F"
            ]
        },
        {
         "type": "bitmap",
         "file": "icons:chat/message_type.png",
         "ascent": 7,
         "height": 7,
         "chars": [
         "\uDB81\uDC20\uDB81\uDC21\uDB81\uDC22\uDB81\uDC23\uDB81\uDC24\uDB81\uDC25\uDB81\uDC26\uDB81\uDC27"
            ]
        },
		{
         "type": "bitmap",
         "file": "icons:chat/commands.png",
         "ascent": 7,
         "height": 7,
         "chars": [
		 "\uDB81\uDC28\uDB81\uDC29\uDB81\uDC2A\uDB81\uDC2B\uDB81\uDC2C\uDB81\uDC2D\uDB81\uDC2E\uDB81\uDC2F\uDB81\uDC30\uDB81\uDC31\uDB81\uDC32\uDB81\uDC33\uDB81\uDC34\uDB81\uDC35\uDB81\uDC36",
		 "\uDB81\uDC37\uDB81\uDC38\uDB81\uDC39\uDB81\uDC3A\uDB81\uDC3B\uDB81\uDC3C\uDB81\uDC3D\uDB81\uDC3E\uDB81\uDC3F\uDB81\uDC40\uDB81\uDC41\uDB81\uDC42\uDB81\uDC43\uDB81\uDC44\uDB81\uDC45"
            ]
        },
        {
         "type": "bitmap",
         "file": "icons:chat/whitelist.png",
         "ascent": 7,
         "height": 7,
         "chars": [
		 "\uDB81\uDC46\uDB81\uDC47\uDB81\uDC48\uDB81\uDC49\uDB81\uDC4A\uDB81\uDC4B"
            ]
        },
      {
        "type": "bitmap",
        "file": "space:font/space_split.png",
        "ascent": -327,
        "height": -3,
        "chars": [
          "\uF801"
        ]
      },
      {
        "type": "bitmap",
        "file": "space:font/space_split.png",
        "ascent": -32768,
        "height": -4,
        "chars": [
          "\uF802"
        ]
      },
      {
        "type": "bitmap",
        "file": "space:font/space_split.png",
        "ascent": -32768,
        "height": -5,
        "chars": [
          "\uF803"
        ]
      },
      {
        "type": "bitmap",
        "file": "space:font/space_split.png",
        "ascent": -32768,
        "height": -6,
        "chars": [
          "\uF804"
        ]
      },
      {
        "type": "bitmap",
        "file": "space:font/space_split.png",
        "ascent": -32768,
        "height": -7,
        "chars": [
          "\uF805"
        ]
      },
      {
        "type": "bitmap",
        "file": "space:font/space_split.png",
        "ascent": -32768,
        "height": -8,
        "chars": [
          "\uF806"
        ]
      },
      {
        "type": "bitmap",
        "file": "space:font/space_split.png",
        "ascent": -32768,
        "height": -9,
        "chars": [
          "\uF807"
        ]
      },
      {
        "type": "bitmap",
        "file": "space:font/space_split.png",
        "ascent": -32768,
        "height": -10,
        "chars": [
          "\uF808"
        ]
      },
      {
        "type": "bitmap",
        "file": "space:font/space_split.png",
        "ascent": -32768,
        "height": -18,
        "chars": [
          "\uF809"
        ]
      },
      {
        "type": "bitmap",
        "file": "space:font/space_split.png",
        "ascent": -32768,
        "height": -34,
        "chars": [
          "\uF80A"
        ]
      },
      {
        "type": "bitmap",
        "file": "space:font/space_split.png",
        "ascent": -32768,
        "height": -66,
        "chars": [
          "\uF80B"
        ]
      },
      {
        "type": "bitmap",
        "file": "space:font/space_split.png",
        "ascent": -32768,
        "height": -130,
        "chars": [
          "\uF80C"
        ]
      },
      {
        "type": "bitmap",
        "file": "space:font/space_split.png",
        "ascent": -32768,
        "height": -258,
        "chars": [
          "\uF80D"
        ]
      },
      {
        "type": "bitmap",
        "file": "space:font/space_split.png",
        "ascent": -32768,
        "height": -514,
        "chars": [
          "\uF80E"
        ]
      },
      {
        "type": "bitmap",
        "file": "space:font/space_split.png",
        "ascent": -32768,
        "height": -1026,
        "chars": [
          "\uF80F"
        ]
      },
      {
        "type": "bitmap",
        "file": "space:font/space_split.png",
        "ascent": -65536,
        "height": -32770,
        "chars": [
          "\uF800"
        ]
      },
      {
        "type": "bitmap",
        "file": "space:font/space_split.png",
        "ascent": -32768,
        "height": 0,
        "chars": [
          "\uF821"
        ]
      },
      {
        "type": "bitmap",
        "file": "space:font/space_split.png",
        "ascent": -32768,
        "height": 1,
        "chars": [
          "\uF822"
        ]
      },
      {
        "type": "bitmap",
        "file": "space:font/space_split.png",
        "ascent": -32768,
        "height": 2,
        "chars": [
          "\uF823"
        ]
      },
      {
        "type": "bitmap",
        "file": "space:font/space_split.png",
        "ascent": -32768,
        "height": 3,
        "chars": [
          "\uF824"
        ]
      },
      {
        "type": "bitmap",
        "file": "space:font/space_split.png",
        "ascent": -32768,
        "height": 4,
        "chars": [
          "\uF825"
        ]
      },
      {
        "type": "bitmap",
        "file": "space:font/space_split.png",
        "ascent": -32768,
        "height": 5,
        "chars": [
          "\uF826"
        ]
      },
      {
        "type": "bitmap",
        "file": "space:font/space_split.png",
        "ascent": -32768,
        "height": 6,
        "chars": [
          "\uF827"
        ]
      },
      {
        "type": "bitmap",
        "file": "space:font/space_split.png",
        "ascent": -32768,
        "height": 7,
        "chars": [
          "\uF828"
        ]
      },
      {
        "type": "bitmap",
        "file": "space:font/space_split.png",
        "ascent": -32768,
        "height": 15,
        "chars": [
          "\uF829"
        ]
      },
      {
        "type": "bitmap",
        "file": "space:font/space_split.png",
        "ascent": -32768,
        "height": 31,
        "chars": [
          "\uF82A"
        ]
      },
      {
        "type": "bitmap",
        "file": "space:font/space_split.png",
        "ascent": -32768,
        "height": 63,
        "chars": [
          "\uF82B"
        ]
      },
      {
        "type": "bitmap",
        "file": "space:font/space_split.png",
        "ascent": -32768,
        "height": 127,
        "chars": [
          "\uF82C"
        ]
      },
      {
        "type": "bitmap",
        "file": "space:font/space_split.png",
        "ascent": -32768,
        "height": 255,
        "chars": [
          "\uF82D"
        ]
      },
      {
        "type": "bitmap",
        "file": "space:font/space_split.png",
        "ascent": -32768,
        "height": 511,
        "chars": [
          "\uF82E"
        ]
      },
      {
        "type": "bitmap",
        "file": "space:font/space_split.png",
        "ascent": -32768,
        "height": 1023,
        "chars": [
          "\uF82F"
        ]
      },
      {
        "type": "bitmap",
        "file": "space:font/space_split.png",
        "ascent": -65536,
        "height": 32767,
        "chars": [
          "\uF820"
        ]
      },
      {
        "type": "bitmap",
        "file": "space:font/space_nosplit.png",
        "ascent": -32768,
        "height": -3,
        "chars": [
          "\uF811"
        ]
      },
      {
        "type": "bitmap",
        "file": "space:font/space_nosplit.png",
        "ascent": -32768,
        "height": -4,
        "chars": [
          "\uF812"
        ]
      },
      {
        "type": "bitmap",
        "file": "space:font/space_nosplit.png",
        "ascent": -32768,
        "height": -5,
        "chars": [
          "\uF813"
        ]
      },
      {
        "type": "bitmap",
        "file": "space:font/space_nosplit.png",
        "ascent": -32768,
        "height": -6,
        "chars": [
          "\uF814"
        ]
      },
      {
        "type": "bitmap",
        "file": "space:font/space_nosplit.png",
        "ascent": -32768,
        "height": -7,
        "chars": [
          "\uF815"
        ]
      },
      {
        "type": "bitmap",
        "file": "space:font/space_nosplit.png",
        "ascent": -32768,
        "height": -8,
        "chars": [
          "\uF816"
        ]
      },
      {
        "type": "bitmap",
        "file": "space:font/space_nosplit.png",
        "ascent": -32768,
        "height": -9,
        "chars": [
          "\uF817"
        ]
      },
      {
        "type": "bitmap",
        "file": "space:font/space_nosplit.png",
        "ascent": -32768,
        "height": -10,
        "chars": [
          "\uF818"
        ]
      },
      {
        "type": "bitmap",
        "file": "space:font/space_nosplit.png",
        "ascent": -32768,
        "height": -18,
        "chars": [
          "\uF819"
        ]
      },
      {
        "type": "bitmap",
        "file": "space:font/space_nosplit.png",
        "ascent": -32768,
        "height": -34,
        "chars": [
          "\uF81A"
        ]
      },
      {
        "type": "bitmap",
        "file": "space:font/space_nosplit.png",
        "ascent": -32768,
        "height": -66,
        "chars": [
          "\uF81B"
        ]
      },
      {
        "type": "bitmap",
        "file": "space:font/space_nosplit.png",
        "ascent": -32768,
        "height": -130,
        "chars": [
          "\uF81C"
        ]
      },
      {
        "type": "bitmap",
        "file": "space:font/space_nosplit.png",
        "ascent": -32768,
        "height": -258,
        "chars": [
          "\uF81D"
        ]
      },
      {
        "type": "bitmap",
        "file": "space:font/space_nosplit.png",
        "ascent": -32768,
        "height": -514,
        "chars": [
          "\uF81E"
        ]
      },
      {
        "type": "bitmap",
        "file": "space:font/space_nosplit.png",
        "ascent": -32768,
        "height": -1026,
        "chars": [
          "\uF81F"
        ]
      },
      {
        "type": "bitmap",
        "file": "space:font/space_nosplit.png",
        "ascent": -65536,
        "height": -32770,
        "chars": [
          "\uF810"
        ]
      },
      {
        "type": "bitmap",
        "file": "space:font/space_nosplit.png",
        "ascent": -32768,
        "height": 0,
        "chars": [
          "\uF831"
        ]
      },
      {
        "type": "bitmap",
        "file": "space:font/space_nosplit.png",
        "ascent": -32768,
        "height": 1,
        "chars": [
          "\uF832"
        ]
      },
      {
        "type": "bitmap",
        "file": "space:font/space_nosplit.png",
        "ascent": -32768,
        "height": 2,
        "chars": [
          "\uF833"
        ]
      },
      {
        "type": "bitmap",
        "file": "space:font/space_nosplit.png",
        "ascent": -32768,
        "height": 3,
        "chars": [
          "\uF834"
        ]
      },
      {
        "type": "bitmap",
        "file": "space:font/space_nosplit.png",
        "ascent": -32768,
        "height": 4,
        "chars": [
          "\uF835"
        ]
      },
      {
        "type": "bitmap",
        "file": "space:font/space_nosplit.png",
        "ascent": -32768,
        "height": 5,
        "chars": [
          "\uF836"
        ]
      },
      {
        "type": "bitmap",
        "file": "space:font/space_nosplit.png",
        "ascent": -32768,
        "height": 6,
        "chars": [
          "\uF837"
        ]
      },
      {
        "type": "bitmap",
        "file": "space:font/space_nosplit.png",
        "ascent": -32768,
        "height": 7,
        "chars": [
          "\uF838"
        ]
      },
      {
        "type": "bitmap",
        "file": "space:font/space_nosplit.png",
        "ascent": -32768,
        "height": 15,
        "chars": [
          "\uF839"
        ]
      },
      {
        "type": "bitmap",
        "file": "space:font/space_nosplit.png",
        "ascent": -32768,
        "height": 31,
        "chars": [
          "\uF83A"
        ]
      },
      {
        "type": "bitmap",
        "file": "space:font/space_nosplit.png",
        "ascent": -32768,
        "height": 63,
        "chars": [
          "\uF83B"
        ]
      },
      {
        "type": "bitmap",
        "file": "space:font/space_nosplit.png",
        "ascent": -32768,
        "height": 127,
        "chars": [
          "\uF83C"
        ]
      },
      {
        "type": "bitmap",
        "file": "space:font/space_nosplit.png",
        "ascent": -32768,
        "height": 255,
        "chars": [
          "\uF83D"
        ]
      },
      {
        "type": "bitmap",
        "file": "space:font/space_nosplit.png",
        "ascent": -32768,
        "height": 511,
        "chars": [
          "\uF83E"
        ]
      },
      {
        "type": "bitmap",
        "file": "space:font/space_nosplit.png",
        "ascent": -32768,
        "height": 1023,
        "chars": [
          "\uF83F"
        ]
      },
      {
        "type": "bitmap",
        "file": "space:font/space_nosplit.png",
        "ascent": -65536,
        "height": 32767,
        "chars": [
          "\uF830"
        ]
      }
    ]
}