{
  "credit": "Made with Blockbench",
  "texture_size": [128, 128],
  "textures": {
    "particle": "minecraft:block/stone",
    "0": "entity/rocky"
  },
  "elements": [
    {
      "from": [-12.25, 11.75, 5.75],
      "to": [28.25, 32, 26],
      "rotation": {"angle": 0, "axis": "y", "origin": [8, 0, 8]},
      "faces": {
        "north": {"uv": [0, 0, 2.25, 1.125], "texture": "#0"},
        "east": {"uv": [5.125, 2.875, 6.25, 4], "texture": "#0"},
        "south": {"uv": [0, 1.125, 2.25, 2.25], "texture": "#0"},
        "west": {"uv": [5.125, 4, 6.25, 5.125], "texture": "#0"},
        "up": {"uv": [2.25, 3.375, 0, 2.25], "texture": "#0"},
        "down": {"uv": [4.5, 0, 2.25, 1.125], "texture": "#0"}
      }
    },
    {
      "from": [18.125, 23.9, 10.21491],
      "to": [30.275, 32, 19.88991],
      "rotation": {"angle": 45, "axis": "x", "origin": [8, 54, 8]},
      "faces": {
        "north": {"uv": [9.125, 11.25, 9.8125, 11.6875], "texture": "#0"},
        "east": {"uv": [11.625, 4.5, 12.1875, 4.9375], "texture": "#0"},
        "south": {"uv": [9.875, 11.25, 10.5625, 11.6875], "texture": "#0"},
        "west": {"uv": [11.625, 5.625, 12.1875, 6.0625], "texture": "#0"},
        "up": {"uv": [0.6875, 11.1875, 0, 10.625], "texture": "#0"},
        "down": {"uv": [11.3125, 0.625, 10.625, 1.1875], "texture": "#0"}
      }
    },
    {
      "from": [-8.515, 26.42, 8],
      "to": [-0.145, 32, 17.765],
      "rotation": {"angle": 22.5, "axis": "y", "origin": [3.815, 34.875, 13.58]},
      "faces": {
        "north": {"uv": [3.25, 12.125, 3.6875, 12.4375], "texture": "#0"},
        "east": {"uv": [9.625, 12, 10.1875, 12.3125], "texture": "#0"},
        "south": {"uv": [3.75, 12.125, 4.1875, 12.4375], "texture": "#0"},
        "west": {"uv": [12, 9.875, 12.5625, 10.1875], "texture": "#0"},
        "up": {"uv": [12.0625, 8.1875, 11.625, 7.625], "texture": "#0"},
        "down": {"uv": [8.4375, 11.625, 8, 12.1875], "texture": "#0"}
      }
    },
    {
      "from": [0.60906, 20.75, 12.5],
      "to": [14.10906, 32, 23.75],
      "rotation": {"angle": 45, "axis": "z", "origin": [8, 63, 8]},
      "faces": {
        "north": {"uv": [4.125, 9.75, 4.875, 10.375], "texture": "#0"},
        "east": {"uv": [10.25, 0, 10.875, 0.625], "texture": "#0"},
        "south": {"uv": [5.5, 9.75, 6.25, 10.375], "texture": "#0"},
        "west": {"uv": [10.25, 2.875, 10.875, 3.5], "texture": "#0"},
        "up": {"uv": [10.5, 6.5, 9.75, 5.875], "texture": "#0"},
        "down": {"uv": [7, 9.75, 6.25, 10.375], "texture": "#0"}
      }
    },
    {
      "from": [-10, 16.25, 3.5],
      "to": [26, 32, 5.75],
      "rotation": {"angle": 0, "axis": "y", "origin": [8, 0, 8]},
      "faces": {
        "north": {"uv": [0, 3.375, 2, 4.25], "texture": "#0"},
        "east": {"uv": [2.75, 11.875, 2.875, 12.75], "texture": "#0"},
        "south": {"uv": [2, 3.625, 4, 4.5], "texture": "#0"},
        "west": {"uv": [4.625, 12, 4.75, 12.875], "texture": "#0"},
        "up": {"uv": [13.375, 1.75, 11.375, 1.625], "texture": "#0"},
        "down": {"uv": [13.375, 4.375, 11.375, 4.5], "texture": "#0"}
      }
    },
    {
      "from": [27.5, 27.5, 1.25],
      "to": [32, 32, 5.75],
      "rotation": {"angle": 22.5, "axis": "z", "origin": [8, 0, 8]},
      "faces": {
        "north": {"uv": [2, 3.375, 2.25, 3.625], "texture": "#0"},
        "east": {"uv": [8.625, 1.625, 8.875, 1.875], "texture": "#0"},
        "south": {"uv": [9.125, 3.125, 9.375, 3.375], "texture": "#0"},
        "west": {"uv": [10.125, 8.625, 10.375, 8.875], "texture": "#0"},
        "up": {"uv": [10.5, 4.375, 10.25, 4.125], "texture": "#0"},
        "down": {"uv": [3.5, 10.75, 3.25, 11], "texture": "#0"}
      }
    },
    {
      "from": [27.5, 27.5, 1.25],
      "to": [32, 32, 5.75],
      "rotation": {"angle": 45, "axis": "z", "origin": [8, 0, 8]},
      "faces": {
        "north": {"uv": [9.125, 11, 9.375, 11.25], "texture": "#0"},
        "east": {"uv": [10.375, 11.75, 10.625, 12], "texture": "#0"},
        "south": {"uv": [12.375, 0.75, 12.625, 1], "texture": "#0"},
        "west": {"uv": [12.375, 1, 12.625, 1.25], "texture": "#0"},
        "up": {"uv": [12.625, 4.75, 12.375, 4.5], "texture": "#0"},
        "down": {"uv": [12.625, 4.75, 12.375, 5], "texture": "#0"}
      }
    },
    {
      "from": [27.509, 27.509, 1.2545],
      "to": [32, 32, 5.7455],
      "rotation": {"angle": 45, "axis": "z", "origin": [8, 0, 8]},
      "faces": {
        "north": {"uv": [12.375, 5.625, 12.625, 5.875], "texture": "#0"},
        "east": {"uv": [12.375, 5.875, 12.625, 6.125], "texture": "#0"},
        "south": {"uv": [12.375, 6.875, 12.625, 7.125], "texture": "#0"},
        "west": {"uv": [12.375, 7.125, 12.625, 7.375], "texture": "#0"},
        "up": {"uv": [12.625, 8.5, 12.375, 8.25], "texture": "#0"},
        "down": {"uv": [12.625, 8.5, 12.375, 8.75], "texture": "#0"}
      }
    },
    {
      "from": [-7.75, 29.75, 3.5],
      "to": [23.75, 32, 5.75],
      "rotation": {"angle": 0, "axis": "y", "origin": [8, 0, 8]},
      "faces": {
        "north": {"uv": [11.5, 2.75, 13.25, 2.875], "texture": "#0"},
        "east": {"uv": [3.5, 10.875, 3.625, 11], "texture": "#0"},
        "south": {"uv": [11.5, 11.125, 13.25, 11.25], "texture": "#0"},
        "west": {"uv": [5.375, 10.875, 5.5, 11], "texture": "#0"},
        "up": {"uv": [13.25, 11.375, 11.5, 11.25], "texture": "#0"},
        "down": {"uv": [13.375, 2.25, 11.625, 2.375], "texture": "#0"}
      }
    },
    {
      "from": [-7.75, 29.75, 3.5],
      "to": [23.75, 32, 5.75],
      "rotation": {"angle": 0, "axis": "y", "origin": [8, 0, 8]},
      "faces": {
        "north": {"uv": [11.625, 6.125, 13.375, 6.25], "texture": "#0"},
        "east": {"uv": [8.125, 10.875, 8.25, 11], "texture": "#0"},
        "south": {"uv": [1.125, 11.75, 2.875, 11.875], "texture": "#0"},
        "west": {"uv": [9.375, 11, 9.5, 11.125], "texture": "#0"},
        "up": {"uv": [13.5, 3, 11.75, 2.875], "texture": "#0"},
        "down": {"uv": [13.5, 3, 11.75, 3.125], "texture": "#0"}
      }
    },
    {
      "from": [-12.25, 20.75, 3.5],
      "to": [-10, 32, 5.75],
      "rotation": {"angle": 0, "axis": "y", "origin": [8, 0, 8]},
      "faces": {
        "north": {"uv": [3, 12.25, 3.125, 12.875], "texture": "#0"},
        "east": {"uv": [3.125, 12.25, 3.25, 12.875], "texture": "#0"},
        "south": {"uv": [12.25, 4.5, 12.375, 5.125], "texture": "#0"},
        "west": {"uv": [7.25, 12.25, 7.375, 12.875], "texture": "#0"},
        "up": {"uv": [9.5, 11.25, 9.375, 11.125], "texture": "#0"},
        "down": {"uv": [5.375, 11.375, 5.25, 11.5], "texture": "#0"}
      }
    },
    {
      "from": [26, 20.75, 3.5],
      "to": [28.25, 32, 5.75],
      "rotation": {"angle": 0, "axis": "y", "origin": [8, 0, 8]},
      "faces": {
        "north": {"uv": [7.375, 12.25, 7.5, 12.875], "texture": "#0"},
        "east": {"uv": [7.5, 12.25, 7.625, 12.875], "texture": "#0"},
        "south": {"uv": [8, 12.25, 8.125, 12.875], "texture": "#0"},
        "west": {"uv": [8.125, 12.25, 8.25, 12.875], "texture": "#0"},
        "up": {"uv": [8.125, 11.5, 8, 11.375], "texture": "#0"},
        "down": {"uv": [8.125, 11.5, 8, 11.625], "texture": "#0"}
      }
    },
    {
      "from": [-7.75, 16.25, 26],
      "to": [23.75, 32, 28.25],
      "rotation": {"angle": 0, "axis": "y", "origin": [8, 0, 8]},
      "faces": {
        "north": {"uv": [4, 1.125, 5.75, 2], "texture": "#0"},
        "east": {"uv": [7.125, 12, 7.25, 12.875], "texture": "#0"},
        "south": {"uv": [4, 2, 5.75, 2.875], "texture": "#0"},
        "west": {"uv": [10.875, 12, 11, 12.875], "texture": "#0"},
        "up": {"uv": [13.5, 3.25, 11.75, 3.125], "texture": "#0"},
        "down": {"uv": [13.5, 3.25, 11.75, 3.375], "texture": "#0"}
      }
    },
    {
      "from": [-1, 18.5, -15.25],
      "to": [17, 32, -8.5],
      "rotation": {"angle": 45, "axis": "x", "origin": [8, 0, 8]},
      "faces": {
        "north": {"uv": [0, 7.5, 1, 8.25], "texture": "#0"},
        "east": {"uv": [7.625, 0.75, 8, 1.5], "texture": "#0"},
        "south": {"uv": [7.5, 0, 8.5, 0.75], "texture": "#0"},
        "west": {"uv": [3.125, 7.75, 3.5, 8.5], "texture": "#0"},
        "up": {"uv": [11.5, 2.875, 10.5, 2.5], "texture": "#0"},
        "down": {"uv": [11.625, 4.625, 10.625, 5], "texture": "#0"}
      }
    },
    {
      "from": [23.75, 20.75, 26],
      "to": [26, 32, 28.25],
      "rotation": {"angle": 0, "axis": "y", "origin": [8, 0, 8]},
      "faces": {
        "north": {"uv": [8.25, 12.25, 8.375, 12.875], "texture": "#0"},
        "east": {"uv": [8.375, 12.25, 8.5, 12.875], "texture": "#0"},
        "south": {"uv": [8.5, 12.25, 8.625, 12.875], "texture": "#0"},
        "west": {"uv": [8.625, 12.25, 8.75, 12.875], "texture": "#0"},
        "up": {"uv": [1.25, 11.75, 1.125, 11.625], "texture": "#0"},
        "down": {"uv": [1.375, 11.625, 1.25, 11.75], "texture": "#0"}
      }
    },
    {
      "from": [-10, 20.75, 26],
      "to": [-7.75, 32, 28.25],
      "rotation": {"angle": 0, "axis": "y", "origin": [8, 0, 8]},
      "faces": {
        "north": {"uv": [8.75, 12.25, 8.875, 12.875], "texture": "#0"},
        "east": {"uv": [10.25, 12.25, 10.375, 12.875], "texture": "#0"},
        "south": {"uv": [10.375, 12.25, 10.5, 12.875], "texture": "#0"},
        "west": {"uv": [10.5, 12.25, 10.625, 12.875], "texture": "#0"},
        "up": {"uv": [9, 11.75, 8.875, 11.625], "texture": "#0"},
        "down": {"uv": [9.125, 11.625, 9, 11.75], "texture": "#0"}
      }
    },
    {
      "from": [-5.5, 29.75, 26],
      "to": [21.5, 32, 28.25],
      "rotation": {"angle": 0, "axis": "y", "origin": [8, 0, 8]},
      "faces": {
        "north": {"uv": [11.75, 6.75, 13.25, 6.875], "texture": "#0"},
        "east": {"uv": [4, 12.5, 4.125, 12.625], "texture": "#0"},
        "south": {"uv": [8.875, 11.75, 10.375, 11.875], "texture": "#0"},
        "west": {"uv": [4.125, 12.5, 4.25, 12.625], "texture": "#0"},
        "up": {"uv": [12.5, 11.875, 11, 11.75], "texture": "#0"},
        "down": {"uv": [13.25, 11.375, 11.75, 11.5], "texture": "#0"}
      }
    },
    {
      "from": [-5.5, 29.75, 26],
      "to": [21.5, 32, 28.25],
      "rotation": {"angle": 0, "axis": "y", "origin": [8, 0, 8]},
      "faces": {
        "north": {"uv": [11.75, 11.5, 13.25, 11.625], "texture": "#0"},
        "east": {"uv": [12.5, 4.125, 12.625, 4.25], "texture": "#0"},
        "south": {"uv": [11.75, 11.625, 13.25, 11.75], "texture": "#0"},
        "west": {"uv": [4.25, 12.5, 4.375, 12.625], "texture": "#0"},
        "up": {"uv": [2.625, 12, 1.125, 11.875], "texture": "#0"},
        "down": {"uv": [13.375, 5.375, 11.875, 5.5], "texture": "#0"}
      }
    },
    {
      "from": [-5.5, 29.75, -1],
      "to": [21.5, 32, 3.5],
      "rotation": {"angle": 0, "axis": "y", "origin": [8, 0, 8]},
      "faces": {
        "north": {"uv": [11.875, 5.5, 13.375, 5.625], "texture": "#0"},
        "east": {"uv": [2, 6.25, 2.25, 6.375], "texture": "#0"},
        "south": {"uv": [8.875, 11.875, 10.375, 12], "texture": "#0"},
        "west": {"uv": [6.75, 1.75, 7, 1.875], "texture": "#0"},
        "up": {"uv": [12, 6.5, 10.5, 6.25], "texture": "#0"},
        "down": {"uv": [12, 9.875, 10.5, 10.125], "texture": "#0"}
      }
    },
    {
      "from": [-7.75, 18.5, -1],
      "to": [23.75, 32, 21.5],
      "rotation": {"angle": 0, "axis": "y", "origin": [8, 0, 8]},
      "faces": {
        "north": {"uv": [4.5, 0, 6.25, 0.75], "texture": "#0"},
        "east": {"uv": [6.25, 0, 7.5, 0.75], "texture": "#0"},
        "south": {"uv": [2.25, 4.5, 4, 5.25], "texture": "#0"},
        "west": {"uv": [6.25, 4.625, 7.5, 5.375], "texture": "#0"},
        "up": {"uv": [4, 2.375, 2.25, 1.125], "texture": "#0"},
        "down": {"uv": [4, 2.375, 2.25, 3.625], "texture": "#0"}
      }
    },
    {
      "from": [-10, 20.75, 1.25],
      "to": [-7.75, 32, 19.25],
      "rotation": {"angle": 0, "axis": "y", "origin": [8, 0, 8]},
      "faces": {
        "north": {"uv": [10.625, 12.25, 10.75, 12.875], "texture": "#0"},
        "east": {"uv": [8.375, 7.125, 9.375, 7.75], "texture": "#0"},
        "south": {"uv": [10.75, 12.25, 10.875, 12.875], "texture": "#0"},
        "west": {"uv": [8.375, 7.75, 9.375, 8.375], "texture": "#0"},
        "up": {"uv": [7.75, 7, 7.625, 6], "texture": "#0"},
        "down": {"uv": [7.875, 6, 7.75, 7], "texture": "#0"}
      }
    },
    {
      "from": [23.75, 20.75, 1.25],
      "to": [26, 32, 19.25],
      "rotation": {"angle": 0, "axis": "y", "origin": [8, 0, 8]},
      "faces": {
        "north": {"uv": [11.25, 12.25, 11.375, 12.875], "texture": "#0"},
        "east": {"uv": [8.375, 8.375, 9.375, 9], "texture": "#0"},
        "south": {"uv": [11.375, 12.25, 11.5, 12.875], "texture": "#0"},
        "west": {"uv": [8.5, 0, 9.5, 0.625], "texture": "#0"},
        "up": {"uv": [5.125, 9.125, 5, 8.125], "texture": "#0"},
        "down": {"uv": [5.25, 8.125, 5.125, 9.125], "texture": "#0"}
      }
    },
    {
      "from": [-1, 22.5, 21.5],
      "to": [17, 29.25, 23.75],
      "rotation": {"angle": 0, "axis": "y", "origin": [8, 0, 8]},
      "faces": {
        "north": {"uv": [10.625, 5, 11.625, 5.375], "texture": "#0"},
        "east": {"uv": [1, 12.5, 1.125, 12.875], "texture": "#0"},
        "south": {"uv": [0.75, 10.75, 1.75, 11.125], "texture": "#0"},
        "west": {"uv": [12.5, 1.25, 12.625, 1.625], "texture": "#0"},
        "up": {"uv": [13, 11.125, 12, 11], "texture": "#0"},
        "down": {"uv": [13.125, 0.375, 12.125, 0.5], "texture": "#0"}
      }
    },
    {
      "from": [-3.25, 23, 21.5],
      "to": [19.25, 32, 26],
      "rotation": {"angle": 0, "axis": "y", "origin": [8, 0, 8]},
      "faces": {
        "north": {"uv": [8.5, 6, 9.75, 6.5], "texture": "#0"},
        "east": {"uv": [2, 5.75, 2.25, 6.25], "texture": "#0"},
        "south": {"uv": [8.5, 6.5, 9.75, 7], "texture": "#0"},
        "west": {"uv": [0.75, 8.25, 1, 8.75], "texture": "#0"},
        "up": {"uv": [11.875, 5.625, 10.625, 5.375], "texture": "#0"},
        "down": {"uv": [12, 7.375, 10.75, 7.625], "texture": "#0"}
      }
    },
    {
      "from": [-3.25, 15.75, 5.75],
      "to": [19.25, 24.75, 21.5],
      "rotation": {"angle": 0, "axis": "y", "origin": [8, 0, 8]},
      "faces": {
        "north": {"uv": [8.625, 0.625, 9.875, 1.125], "texture": "#0"},
        "east": {"uv": [10.125, 7.625, 11, 8.125], "texture": "#0"},
        "south": {"uv": [8.625, 1.125, 9.875, 1.625], "texture": "#0"},
        "west": {"uv": [10.125, 8.125, 11, 8.625], "texture": "#0"},
        "up": {"uv": [7, 2.75, 5.75, 1.875], "texture": "#0"},
        "down": {"uv": [7.5, 2.75, 6.25, 3.625], "texture": "#0"}
      }
    },
    {
      "from": [-3.2455, 12.7545, 19.2545],
      "to": [19.2455, 23.9955, 25.9955],
      "rotation": {"angle": -45, "axis": "x", "origin": [8, 0, 8]},
      "faces": {
        "north": {"uv": [5.375, 7, 6.625, 7.625], "texture": "#0"},
        "east": {"uv": [7.25, 11.625, 7.625, 12.25], "texture": "#0"},
        "south": {"uv": [6.625, 7, 7.875, 7.625], "texture": "#0"},
        "west": {"uv": [11.625, 8.25, 12, 8.875], "texture": "#0"},
        "up": {"uv": [5.75, 1.125, 4.5, 0.75], "texture": "#0"},
        "down": {"uv": [11, 6.5, 9.75, 6.875], "texture": "#0"}
      }
    },
    {
      "from": [-10, 11.75, 8],
      "to": [1.25, 32, 19.25],
      "rotation": {"angle": 0, "axis": "y", "origin": [8, 56.25, 35]},
      "faces": {
        "north": {"uv": [2.5, 7.75, 3.125, 8.875], "texture": "#0"},
        "east": {"uv": [7.75, 7.625, 8.375, 8.75], "texture": "#0"},
        "south": {"uv": [7.875, 6, 8.5, 7.125], "texture": "#0"},
        "west": {"uv": [8, 0.75, 8.625, 1.875], "texture": "#0"},
        "up": {"uv": [10.875, 4.125, 10.25, 3.5], "texture": "#0"},
        "down": {"uv": [4.25, 10.375, 3.625, 11], "texture": "#0"}
      }
    },
    {
      "from": [-7.75, 20.75, 10.25],
      "to": [-1, 32, 17],
      "rotation": {"angle": 0, "axis": "y", "origin": [8, 56.25, 35]},
      "faces": {
        "north": {"uv": [1.5, 9.125, 2.125, 10], "texture": "#0"},
        "east": {"uv": [9.125, 2.25, 9.75, 3.125], "texture": "#0"},
        "south": {"uv": [3, 9.125, 3.625, 10], "texture": "#0"},
        "west": {"uv": [4.875, 9.125, 5.5, 10], "texture": "#0"},
        "up": {"uv": [4.875, 11, 4.25, 10.375], "texture": "#0"},
        "down": {"uv": [6.125, 10.375, 5.5, 11], "texture": "#0"}
      }
    },
    {
      "from": [5.75, 18.5, 17],
      "to": [12.5, 32, 23.75],
      "rotation": {"angle": 22.5, "axis": "z", "origin": [8, 56.25, 35]},
      "faces": {
        "north": {"uv": [2.125, 9.125, 2.5, 9.875], "texture": "#0"},
        "east": {"uv": [7.25, 10.875, 7.625, 11.625], "texture": "#0"},
        "south": {"uv": [10.625, 11.25, 11, 12], "texture": "#0"},
        "west": {"uv": [11.375, 0.5, 11.75, 1.25], "texture": "#0"},
        "up": {"uv": [12.375, 10.625, 12, 10.25], "texture": "#0"},
        "down": {"uv": [12.375, 10.625, 12, 11], "texture": "#0"}
      }
    },
    {
      "from": [12.5045, 18.509, 14.7545],
      "to": [19.2455, 32, 21.4955],
      "rotation": {"angle": 22.5, "axis": "y", "origin": [8, 56.25, 35]},
      "faces": {
        "north": {"uv": [11.375, 2.875, 11.75, 3.625], "texture": "#0"},
        "east": {"uv": [11.375, 3.625, 11.75, 4.375], "texture": "#0"},
        "south": {"uv": [4.875, 11.375, 5.25, 12.125], "texture": "#0"},
        "west": {"uv": [7.625, 11.375, 8, 12.125], "texture": "#0"},
        "up": {"uv": [0.375, 12.5, 0, 12.125], "texture": "#0"},
        "down": {"uv": [12.5, 0, 12.125, 0.375], "texture": "#0"}
      }
    },
    {
      "from": [-16, 9.5, 3.5],
      "to": [4.25, 32, 23.75],
      "rotation": {"angle": 0, "axis": "y", "origin": [8, 0, 8]},
      "faces": {
        "north": {"uv": [4, 2.875, 5.125, 4.125], "texture": "#0"},
        "east": {"uv": [4, 4.125, 5.125, 5.375], "texture": "#0"},
        "south": {"uv": [0, 4.25, 1.125, 5.5], "texture": "#0"},
        "west": {"uv": [1.125, 4.5, 2.25, 5.75], "texture": "#0"},
        "up": {"uv": [6.25, 6.25, 5.125, 5.125], "texture": "#0"},
        "down": {"uv": [3.375, 5.25, 2.25, 6.375], "texture": "#0"}
      }
    },
    {
      "from": [-16, 14, 1.25],
      "to": [-0.25, 32, 3.5],
      "rotation": {"angle": 0, "axis": "y", "origin": [8, 0, 8]},
      "faces": {
        "north": {"uv": [3.5, 6.5, 4.375, 7.5], "texture": "#0"},
        "east": {"uv": [4.75, 11.5, 4.875, 12.5], "texture": "#0"},
        "south": {"uv": [6.75, 0.75, 7.625, 1.75], "texture": "#0"},
        "west": {"uv": [2.625, 11.875, 2.75, 12.875], "texture": "#0"},
        "up": {"uv": [9.375, 7.125, 8.5, 7], "texture": "#0"},
        "down": {"uv": [9.75, 5.875, 8.875, 6], "texture": "#0"}
      }
    },
    {
      "from": [-16, 16.25, -5.5],
      "to": [-2.5, 32, 8],
      "rotation": {"angle": 22.5, "axis": "x", "origin": [8, 0, 8]},
      "faces": {
        "north": {"uv": [4.375, 5.375, 5.125, 6.25], "texture": "#0"},
        "east": {"uv": [8.125, 3.625, 8.875, 4.5], "texture": "#0"},
        "south": {"uv": [4.25, 8.125, 5, 9], "texture": "#0"},
        "west": {"uv": [0, 8.25, 0.75, 9.125], "texture": "#0"},
        "up": {"uv": [9.75, 9.75, 9, 9], "texture": "#0"},
        "down": {"uv": [0.75, 9.125, 0, 9.875], "texture": "#0"}
      }
    },
    {
      "from": [-16, 9.5, -3.25],
      "to": [-7, 32, 5.75],
      "rotation": {"angle": 22.5, "axis": "x", "origin": [8, 0, 8]},
      "faces": {
        "north": {"uv": [1.5, 7.75, 2, 9], "texture": "#0"},
        "east": {"uv": [7.75, 8.75, 8.25, 10], "texture": "#0"},
        "south": {"uv": [2.5, 8.875, 3, 10.125], "texture": "#0"},
        "west": {"uv": [8.875, 3.375, 9.375, 4.625], "texture": "#0"},
        "up": {"uv": [5.75, 12, 5.25, 11.5], "texture": "#0"},
        "down": {"uv": [6.25, 11.5, 5.75, 12], "texture": "#0"}
      }
    },
    {
      "from": [-16, 27.509, -3.2455],
      "to": [-4.759, 32, 7.9955],
      "rotation": {"angle": 22.5, "axis": "y", "origin": [8, 0, 8]},
      "faces": {
        "north": {"uv": [12, 6.25, 12.625, 6.5], "texture": "#0"},
        "east": {"uv": [12, 7.375, 12.625, 7.625], "texture": "#0"},
        "south": {"uv": [12, 9.25, 12.625, 9.5], "texture": "#0"},
        "west": {"uv": [10.25, 12, 10.875, 12.25], "texture": "#0"},
        "up": {"uv": [11.125, 2.5, 10.5, 1.875], "texture": "#0"},
        "down": {"uv": [11.125, 5.625, 10.5, 6.25], "texture": "#0"}
      }
    },
    {
      "from": [-16, 5, 10.25],
      "to": [-7, 32, 19.25],
      "rotation": {"angle": 0, "axis": "y", "origin": [-21.25, -9, 8]},
      "faces": {
        "north": {"uv": [7.5, 4.5, 8, 6], "texture": "#0"},
        "east": {"uv": [2, 7.625, 2.5, 9.125], "texture": "#0"},
        "south": {"uv": [5.25, 7.625, 5.75, 9.125], "texture": "#0"},
        "west": {"uv": [5.75, 7.625, 6.25, 9.125], "texture": "#0"},
        "up": {"uv": [6.75, 12, 6.25, 11.5], "texture": "#0"},
        "down": {"uv": [7.25, 11.5, 6.75, 12], "texture": "#0"}
      }
    },
    {
      "from": [-16, 9.5, 12.5],
      "to": [-11.5, 32, 17],
      "rotation": {"angle": 0, "axis": "y", "origin": [-21.25, -9, 8]},
      "faces": {
        "north": {"uv": [6.25, 7.625, 6.75, 9.125], "texture": "#0"},
        "east": {"uv": [6.75, 7.625, 7.25, 9.125], "texture": "#0"},
        "south": {"uv": [7.25, 7.625, 7.75, 9.125], "texture": "#0"},
        "west": {"uv": [1, 7.75, 1.5, 9.25], "texture": "#0"},
        "up": {"uv": [12, 7.375, 11.5, 6.875], "texture": "#0"},
        "down": {"uv": [12, 10.125, 11.5, 10.625], "texture": "#0"}
      }
    },
    {
      "from": [-16, 16.25, 5.75],
      "to": [-13.75, 32, 21.5],
      "rotation": {"angle": 0, "axis": "y", "origin": [8, 0, 8]},
      "faces": {
        "north": {"uv": [5.125, 12.125, 5.25, 13], "texture": "#0"},
        "east": {"uv": [7.25, 3.625, 8.125, 4.5], "texture": "#0"},
        "south": {"uv": [7.875, 12.125, 8, 13], "texture": "#0"},
        "west": {"uv": [4.375, 7.25, 5.25, 8.125], "texture": "#0"},
        "up": {"uv": [11.125, 13, 11, 12.125], "texture": "#0"},
        "down": {"uv": [11.25, 12.125, 11.125, 13], "texture": "#0"}
      }
    },
    {
      "from": [-16, 20.75, 5.75],
      "to": [2, 32, 21.5],
      "rotation": {"angle": 22.5, "axis": "z", "origin": [8, 0, 8]},
      "faces": {
        "north": {"uv": [8.875, 4.625, 9.875, 5.25], "texture": "#0"},
        "east": {"uv": [9.375, 3.125, 10.25, 3.75], "texture": "#0"},
        "south": {"uv": [8.875, 5.25, 9.875, 5.875], "texture": "#0"},
        "west": {"uv": [9.375, 3.75, 10.25, 4.375], "texture": "#0"},
        "up": {"uv": [2, 7.75, 1, 6.875], "texture": "#0"},
        "down": {"uv": [8, 1.75, 7, 2.625], "texture": "#0"}
      }
    },
    {
      "from": [-16, 23, 8],
      "to": [-13.75, 32, 19.25],
      "rotation": {"angle": 22.5, "axis": "z", "origin": [8, 0, 8]},
      "faces": {
        "north": {"uv": [10.125, 12.375, 10.25, 12.875], "texture": "#0"},
        "east": {"uv": [11, 8.125, 11.625, 8.625], "texture": "#0"},
        "south": {"uv": [12.375, 10.25, 12.5, 10.75], "texture": "#0"},
        "west": {"uv": [0.75, 11.125, 1.375, 11.625], "texture": "#0"},
        "up": {"uv": [11.875, 12.875, 11.75, 12.25], "texture": "#0"},
        "down": {"uv": [12, 12.25, 11.875, 12.875], "texture": "#0"}
      }
    },
    {
      "from": [-14.5, 20.75, 8],
      "to": [-5.5, 32, 17],
      "rotation": {"angle": 22.5, "axis": "z", "origin": [8, 0, 8]},
      "faces": {
        "north": {"uv": [11.125, 1.75, 11.625, 2.375], "texture": "#0"},
        "east": {"uv": [11.125, 5.625, 11.625, 6.25], "texture": "#0"},
        "south": {"uv": [11.125, 8.625, 11.625, 9.25], "texture": "#0"},
        "west": {"uv": [11.125, 9.25, 11.625, 9.875], "texture": "#0"},
        "up": {"uv": [12, 11.125, 11.5, 10.625], "texture": "#0"},
        "down": {"uv": [12.125, 0, 11.625, 0.5], "texture": "#0"}
      }
    },
    {
      "from": [-16, 27.5135, 5.75675],
      "to": [-0.2635, 32, 19.24325],
      "rotation": {"angle": 22.5, "axis": "z", "origin": [8, 0, 8]},
      "faces": {
        "north": {"uv": [11.75, 3.625, 12.625, 3.875], "texture": "#0"},
        "east": {"uv": [1.125, 12, 1.875, 12.25], "texture": "#0"},
        "south": {"uv": [11.75, 3.875, 12.625, 4.125], "texture": "#0"},
        "west": {"uv": [1.875, 12, 2.625, 12.25], "texture": "#0"},
        "up": {"uv": [8.875, 6, 8, 5.25], "texture": "#0"},
        "down": {"uv": [9.125, 2.625, 8.25, 3.375], "texture": "#0"}
      }
    },
    {
      "from": [-16, 11.25, 5.75],
      "to": [-2.5, 22.5, 17],
      "rotation": {"angle": 22.5, "axis": "z", "origin": [8, 0, 8]},
      "faces": {
        "north": {"uv": [9.875, 0.625, 10.625, 1.25], "texture": "#0"},
        "east": {"uv": [10.5, 8.625, 11.125, 9.25], "texture": "#0"},
        "south": {"uv": [9.875, 1.25, 10.625, 1.875], "texture": "#0"},
        "west": {"uv": [10.5, 9.25, 11.125, 9.875], "texture": "#0"},
        "up": {"uv": [10.625, 5, 9.875, 4.375], "texture": "#0"},
        "down": {"uv": [10.625, 5, 9.875, 5.625], "texture": "#0"}
      }
    },
    {
      "from": [-12.25, 13.5, 8],
      "to": [-1, 20.25, 21.5],
      "rotation": {"angle": 22.5, "axis": "z", "origin": [8, 0, 8]},
      "faces": {
        "north": {"uv": [11.75, 0.5, 12.375, 0.875], "texture": "#0"},
        "east": {"uv": [11, 11.375, 11.75, 11.75], "texture": "#0"},
        "south": {"uv": [11.75, 0.875, 12.375, 1.25], "texture": "#0"},
        "west": {"uv": [11.5, 2.375, 12.25, 2.75], "texture": "#0"},
        "up": {"uv": [1.875, 10.75, 1.25, 10], "texture": "#0"},
        "down": {"uv": [2.5, 10, 1.875, 10.75], "texture": "#0"}
      }
    },
    {
      "from": [-12.2455, 23.009, 5.7545],
      "to": [-7.7545, 32, 7.9955],
      "rotation": {"angle": 22.5, "axis": "z", "origin": [8, 0, 8]},
      "faces": {
        "north": {"uv": [4.875, 12.125, 5.125, 12.625], "texture": "#0"},
        "east": {"uv": [12.125, 12.375, 12.25, 12.875], "texture": "#0"},
        "south": {"uv": [7.625, 12.125, 7.875, 12.625], "texture": "#0"},
        "west": {"uv": [12.25, 12.375, 12.375, 12.875], "texture": "#0"},
        "up": {"uv": [1.5, 10, 1.25, 9.875], "texture": "#0"},
        "down": {"uv": [11.625, 4.5, 11.375, 4.625], "texture": "#0"}
      }
    },
    {
      "from": [-16, 25.25, 10.25],
      "to": [-13.75, 32, 14.75],
      "rotation": {"angle": 22.5, "axis": "z", "origin": [8, 0, 8]},
      "faces": {
        "north": {"uv": [3.375, 12.5, 3.5, 12.875], "texture": "#0"},
        "east": {"uv": [9.5, 10.375, 9.75, 10.75], "texture": "#0"},
        "south": {"uv": [3.5, 12.5, 3.625, 12.875], "texture": "#0"},
        "west": {"uv": [1.125, 12.25, 1.375, 12.625], "texture": "#0"},
        "up": {"uv": [3.125, 9.125, 3, 8.875], "texture": "#0"},
        "down": {"uv": [9.875, 4.375, 9.75, 4.625], "texture": "#0"}
      }
    },
    {
      "from": [14, 11.75, 5.75],
      "to": [32, 32, 23.75],
      "rotation": {"angle": 0, "axis": "y", "origin": [30.5, 49.5, 14.75]},
      "faces": {
        "north": {"uv": [3.375, 5.375, 4.375, 6.5], "texture": "#0"},
        "east": {"uv": [0, 5.5, 1, 6.625], "texture": "#0"},
        "south": {"uv": [5.75, 0.75, 6.75, 1.875], "texture": "#0"},
        "west": {"uv": [1, 5.75, 2, 6.875], "texture": "#0"},
        "up": {"uv": [7.25, 4.625, 6.25, 3.625], "texture": "#0"},
        "down": {"uv": [5.375, 6.25, 4.375, 7.25], "texture": "#0"}
      }
    },
    {
      "from": [18.5, 18.5, 3.5],
      "to": [32, 32, 26],
      "rotation": {"angle": 0, "axis": "y", "origin": [30.5, 49.5, 14.75]},
      "faces": {
        "north": {"uv": [4.125, 9, 4.875, 9.75], "texture": "#0"},
        "east": {"uv": [5.375, 6.25, 6.625, 7], "texture": "#0"},
        "south": {"uv": [8.25, 9, 9, 9.75], "texture": "#0"},
        "west": {"uv": [6.25, 5.375, 7.5, 6.125], "texture": "#0"},
        "up": {"uv": [2.75, 7.625, 2, 6.375], "texture": "#0"},
        "down": {"uv": [3.5, 6.5, 2.75, 7.75], "texture": "#0"}
      }
    },
    {
      "from": [20.75, 29.75, 14.75],
      "to": [32, 32, 23.75],
      "rotation": {"angle": 45, "axis": "y", "origin": [30.5, 49.5, 14.75]},
      "faces": {
        "north": {"uv": [12.25, 2.625, 12.875, 2.75], "texture": "#0"},
        "east": {"uv": [12.375, 5, 12.875, 5.125], "texture": "#0"},
        "south": {"uv": [12.25, 5.125, 12.875, 5.25], "texture": "#0"},
        "west": {"uv": [12.375, 8.75, 12.875, 8.875], "texture": "#0"},
        "up": {"uv": [4.875, 11.5, 4.25, 11], "texture": "#0"},
        "down": {"uv": [6, 11, 5.375, 11.5], "texture": "#0"}
      }
    },
    {
      "from": [20.75, 20.75, 10.25],
      "to": [32, 32, 17],
      "rotation": {"angle": 22.5, "axis": "x", "origin": [30.5, 49.5, 14.75]},
      "faces": {
        "north": {"uv": [6.125, 10.375, 6.75, 11], "texture": "#0"},
        "east": {"uv": [8.5, 11.625, 8.875, 12.25], "texture": "#0"},
        "south": {"uv": [8.25, 10.375, 8.875, 11], "texture": "#0"},
        "west": {"uv": [11.625, 8.875, 12, 9.5], "texture": "#0"},
        "up": {"uv": [10.5, 2.25, 9.875, 1.875], "texture": "#0"},
        "down": {"uv": [12.25, 5, 11.625, 5.375], "texture": "#0"}
      }
    },
    {
      "from": [14, 20.75, 5.75],
      "to": [32, 32, 21.5],
      "rotation": {"angle": 22.5, "axis": "z", "origin": [66.5, 4.5, 8]},
      "faces": {
        "north": {"uv": [3.125, 8.5, 4.125, 9.125], "texture": "#0"},
        "east": {"uv": [5.5, 9.125, 6.375, 9.75], "texture": "#0"},
        "south": {"uv": [8.875, 1.625, 9.875, 2.25], "texture": "#0"},
        "west": {"uv": [6.375, 9.125, 7.25, 9.75], "texture": "#0"},
        "up": {"uv": [1, 7.5, 0, 6.625], "texture": "#0"},
        "down": {"uv": [7.625, 6.125, 6.625, 7], "texture": "#0"}
      }
    },
    {
      "from": [29.75, 23, 8],
      "to": [32, 32, 19.25],
      "rotation": {"angle": 22.5, "axis": "z", "origin": [66.5, 4.5, 8]},
      "faces": {
        "north": {"uv": [9.625, 12.375, 9.75, 12.875], "texture": "#0"},
        "east": {"uv": [6, 11, 6.625, 11.5], "texture": "#0"},
        "south": {"uv": [9.75, 12.375, 9.875, 12.875], "texture": "#0"},
        "west": {"uv": [11, 7.625, 11.625, 8.125], "texture": "#0"},
        "up": {"uv": [11.625, 12.875, 11.5, 12.25], "texture": "#0"},
        "down": {"uv": [11.75, 12.25, 11.625, 12.875], "texture": "#0"}
      }
    },
    {
      "from": [23, 20.75, 8],
      "to": [32, 32, 17],
      "rotation": {"angle": 22.5, "axis": "z", "origin": [66.5, 4.5, 8]},
      "faces": {
        "north": {"uv": [8.125, 11, 8.625, 11.625], "texture": "#0"},
        "east": {"uv": [8.625, 11, 9.125, 11.625], "texture": "#0"},
        "south": {"uv": [11, 10.125, 11.5, 10.75], "texture": "#0"},
        "west": {"uv": [11, 10.75, 11.5, 11.375], "texture": "#0"},
        "up": {"uv": [8.375, 7.625, 7.875, 7.125], "texture": "#0"},
        "down": {"uv": [4.75, 11.5, 4.25, 12], "texture": "#0"}
      }
    },
    {
      "from": [16.2635, 27.5135, 5.75675],
      "to": [32, 32, 19.24325],
      "rotation": {"angle": 22.5, "axis": "z", "origin": [66.5, 4.5, 8]},
      "faces": {
        "north": {"uv": [1.125, 4.25, 2, 4.5], "texture": "#0"},
        "east": {"uv": [11, 11.875, 11.75, 12.125], "texture": "#0"},
        "south": {"uv": [11.75, 3.375, 12.625, 3.625], "texture": "#0"},
        "west": {"uv": [11.75, 11.875, 12.5, 12.125], "texture": "#0"},
        "up": {"uv": [8.875, 2.625, 8, 1.875], "texture": "#0"},
        "down": {"uv": [8.875, 4.5, 8, 5.25], "texture": "#0"}
      }
    },
    {
      "from": [18.5, 15.75, 5.75],
      "to": [32, 27, 17],
      "rotation": {"angle": 22.5, "axis": "z", "origin": [66.5, 4.5, 8]},
      "faces": {
        "north": {"uv": [8.25, 9.75, 9, 10.375], "texture": "#0"},
        "east": {"uv": [8.875, 10.375, 9.5, 11], "texture": "#0"},
        "south": {"uv": [9.75, 8.875, 10.5, 9.5], "texture": "#0"},
        "west": {"uv": [10.375, 10.125, 11, 10.75], "texture": "#0"},
        "up": {"uv": [9.75, 10.375, 9, 9.75], "texture": "#0"},
        "down": {"uv": [10.5, 9.5, 9.75, 10.125], "texture": "#0"}
      }
    },
    {
      "from": [20.75, 18, 8],
      "to": [32, 24.75, 21.5],
      "rotation": {"angle": 22.5, "axis": "z", "origin": [66.5, 4.5, 8]},
      "faces": {
        "north": {"uv": [11.625, 9.5, 12.25, 9.875], "texture": "#0"},
        "east": {"uv": [11, 6.5, 11.75, 6.875], "texture": "#0"},
        "south": {"uv": [0, 11.75, 0.625, 12.125], "texture": "#0"},
        "west": {"uv": [11.375, 1.25, 12.125, 1.625], "texture": "#0"},
        "up": {"uv": [0.625, 10.625, 0, 9.875], "texture": "#0"},
        "down": {"uv": [1.25, 9.875, 0.625, 10.625], "texture": "#0"}
      }
    },
    {
      "from": [27.509, 23.009, 5.7545],
      "to": [32, 32, 7.9955],
      "rotation": {"angle": 22.5, "axis": "z", "origin": [66.5, 4.5, 8]},
      "faces": {
        "north": {"uv": [0.75, 8.75, 1, 9.25], "texture": "#0"},
        "east": {"uv": [9.875, 12.375, 10, 12.875], "texture": "#0"},
        "south": {"uv": [6.75, 10.375, 7, 10.875], "texture": "#0"},
        "west": {"uv": [10, 12.375, 10.125, 12.875], "texture": "#0"},
        "up": {"uv": [7.5, 4.625, 7.25, 4.5], "texture": "#0"},
        "down": {"uv": [2.75, 7.625, 2.5, 7.75], "texture": "#0"}
      }
    },
    {
      "from": [29.75, 25.25, 10.25],
      "to": [32, 32, 14.75],
      "rotation": {"angle": 22.5, "axis": "z", "origin": [66.5, 4.5, 8]},
      "faces": {
        "north": {"uv": [12.5, 1.75, 12.625, 2.125], "texture": "#0"},
        "east": {"uv": [8.875, 2.25, 9.125, 2.625], "texture": "#0"},
        "south": {"uv": [3.25, 12.5, 3.375, 12.875], "texture": "#0"},
        "west": {"uv": [7, 9.75, 7.25, 10.125], "texture": "#0"},
        "up": {"uv": [1.125, 5.75, 1, 5.5], "texture": "#0"},
        "down": {"uv": [8.375, 8.75, 8.25, 9], "texture": "#0"}
      }
    },
    {
      "from": [18.5, 14, 10.25],
      "to": [32, 32, 19.25],
      "rotation": {"angle": 0, "axis": "y", "origin": [30.5, 49.5, 14.75]},
      "faces": {
        "north": {"uv": [7.5, 2.625, 8.25, 3.625], "texture": "#0"},
        "east": {"uv": [3.625, 9.125, 4.125, 10.125], "texture": "#0"},
        "south": {"uv": [3.5, 7.5, 4.25, 8.5], "texture": "#0"},
        "west": {"uv": [7.25, 9.125, 7.75, 10.125], "texture": "#0"},
        "up": {"uv": [2.5, 11.25, 1.75, 10.75], "texture": "#0"},
        "down": {"uv": [3.25, 10.75, 2.5, 11.25], "texture": "#0"}
      }
    },
    {
      "from": [1.25, 20.75, -7.75],
      "to": [14.75, 32, 3.5],
      "rotation": {"angle": 0, "axis": "y", "origin": [8, 0, 8]},
      "faces": {
        "north": {"uv": [0.75, 9.25, 1.5, 9.875], "texture": "#0"},
        "east": {"uv": [7.625, 10.125, 8.25, 10.75], "texture": "#0"},
        "south": {"uv": [9.375, 7, 10.125, 7.625], "texture": "#0"},
        "west": {"uv": [9.75, 10.125, 10.375, 10.75], "texture": "#0"},
        "up": {"uv": [10.125, 8.25, 9.375, 7.625], "texture": "#0"},
        "down": {"uv": [10.125, 8.25, 9.375, 8.875], "texture": "#0"}
      }
    },
    {
      "from": [-0.9955, 20.759, -5.4955],
      "to": [1.2455, 32, 3.4955],
      "rotation": {"angle": 0, "axis": "y", "origin": [8, 0, 8]},
      "faces": {
        "north": {"uv": [4.25, 7.5, 4.375, 8.125], "texture": "#0"},
        "east": {"uv": [7.625, 10.75, 8.125, 11.375], "texture": "#0"},
        "south": {"uv": [2.375, 12.25, 2.5, 12.875], "texture": "#0"},
        "west": {"uv": [10.875, 2.875, 11.375, 3.5], "texture": "#0"},
        "up": {"uv": [4.25, 9, 4.125, 8.5], "texture": "#0"},
        "down": {"uv": [6.75, 11, 6.625, 11.5], "texture": "#0"}
      }
    },
    {
      "from": [14.75, 29.75, -3.25],
      "to": [17, 32, 3.5],
      "rotation": {"angle": 0, "axis": "y", "origin": [8, 0, 8]},
      "faces": {
        "north": {"uv": [10.125, 3, 10.25, 3.125], "texture": "#0"},
        "east": {"uv": [6.25, 6.125, 6.625, 6.25], "texture": "#0"},
        "south": {"uv": [4, 10.125, 4.125, 10.25], "texture": "#0"},
        "west": {"uv": [9.375, 8.875, 9.75, 9], "texture": "#0"},
        "up": {"uv": [5.375, 7.625, 5.25, 7.25], "texture": "#0"},
        "down": {"uv": [0.75, 11.25, 0.625, 11.625], "texture": "#0"}
      }
    },
    {
      "from": [14.75, 25.25, -7.75],
      "to": [17, 32, -5.5],
      "rotation": {"angle": 0, "axis": "y", "origin": [8, 0, 8]},
      "faces": {
        "north": {"uv": [12.375, 12.375, 12.5, 12.75], "texture": "#0"},
        "east": {"uv": [0, 12.5, 0.125, 12.875], "texture": "#0"},
        "south": {"uv": [12.5, 0, 12.625, 0.375], "texture": "#0"},
        "west": {"uv": [0.125, 12.5, 0.25, 12.875], "texture": "#0"},
        "up": {"uv": [4.125, 10.375, 4, 10.25], "texture": "#0"},
        "down": {"uv": [10.5, 8.625, 10.375, 8.75], "texture": "#0"}
      }
    },
    {
      "from": [14.795, 20.84, -5.455],
      "to": [16.955, 32, 3.455],
      "rotation": {"angle": 0, "axis": "y", "origin": [8, 0, 8]},
      "faces": {
        "north": {"uv": [2.5, 12.25, 2.625, 12.875], "texture": "#0"},
        "east": {"uv": [10.875, 3.5, 11.375, 4.125], "texture": "#0"},
        "south": {"uv": [2.875, 12.25, 3, 12.875], "texture": "#0"},
        "west": {"uv": [6.75, 10.875, 7.25, 11.5], "texture": "#0"},
        "up": {"uv": [12.375, 6.125, 12.25, 5.625], "texture": "#0"},
        "down": {"uv": [12.125, 12.25, 12, 12.75], "texture": "#0"}
      }
    },
    {
      "from": [-1, 25.25, -7.75],
      "to": [1.25, 32, -5.5],
      "rotation": {"angle": 0, "axis": "y", "origin": [8, 0, 8]},
      "faces": {
        "north": {"uv": [0.25, 12.5, 0.375, 12.875], "texture": "#0"},
        "east": {"uv": [0.375, 12.5, 0.5, 12.875], "texture": "#0"},
        "south": {"uv": [0.5, 12.5, 0.625, 12.875], "texture": "#0"},
        "west": {"uv": [0.625, 12.5, 0.75, 12.875], "texture": "#0"},
        "up": {"uv": [10.5, 8.875, 10.375, 8.75], "texture": "#0"},
        "down": {"uv": [10.625, 4.125, 10.5, 4.25], "texture": "#0"}
      }
    },
    {
      "from": [-1, 29.75, -3.25],
      "to": [1.25, 32, 3.5],
      "rotation": {"angle": 0, "axis": "y", "origin": [8, 0, 8]},
      "faces": {
        "north": {"uv": [10.5, 4.25, 10.625, 4.375], "texture": "#0"},
        "east": {"uv": [9.75, 6.875, 10.125, 7], "texture": "#0"},
        "south": {"uv": [3.5, 10.75, 3.625, 10.875], "texture": "#0"},
        "west": {"uv": [2.125, 9.875, 2.5, 10], "texture": "#0"},
        "up": {"uv": [0.875, 12.875, 0.75, 12.5], "texture": "#0"},
        "down": {"uv": [1, 12.5, 0.875, 12.875], "texture": "#0"}
      }
    },
    {
      "from": [1.25, 29.75, -5.5],
      "to": [14.75, 32, 3.5],
      "rotation": {"angle": 0, "axis": "y", "origin": [8, 0, 8]},
      "faces": {
        "north": {"uv": [11.25, 12.125, 12, 12.25], "texture": "#0"},
        "east": {"uv": [10.875, 0.5, 11.375, 0.625], "texture": "#0"},
        "south": {"uv": [12, 12.125, 12.75, 12.25], "texture": "#0"},
        "west": {"uv": [12.25, 5.25, 12.75, 5.375], "texture": "#0"},
        "up": {"uv": [11.375, 1.75, 10.625, 1.25], "texture": "#0"},
        "down": {"uv": [11.375, 4.125, 10.625, 4.625], "texture": "#0"}
      }
    },
    {
      "from": [3.5, 29.75, -7.75],
      "to": [12.5, 32, -5.5],
      "rotation": {"angle": 0, "axis": "y", "origin": [8, 0, 8]},
      "faces": {
        "north": {"uv": [12.25, 9.5, 12.75, 9.625], "texture": "#0"},
        "east": {"uv": [5.375, 10.75, 5.5, 10.875], "texture": "#0"},
        "south": {"uv": [12.25, 9.625, 12.75, 9.75], "texture": "#0"},
        "west": {"uv": [8.125, 10.75, 8.25, 10.875], "texture": "#0"},
        "up": {"uv": [12.75, 9.875, 12.25, 9.75], "texture": "#0"},
        "down": {"uv": [12.625, 12.25, 12.125, 12.375], "texture": "#0"}
      }
    },
    {
      "from": [10.25, 29.75, -10],
      "to": [19.25, 32, 1.25],
      "rotation": {"angle": 0, "axis": "y", "origin": [8, 0, 8]},
      "faces": {
        "north": {"uv": [5.75, 2.75, 6.25, 2.875], "texture": "#0"},
        "east": {"uv": [3.375, 5.25, 4, 5.375], "texture": "#0"},
        "south": {"uv": [7, 2.625, 7.5, 2.75], "texture": "#0"},
        "west": {"uv": [2.75, 6.375, 3.375, 6.5], "texture": "#0"},
        "up": {"uv": [3, 10.75, 2.5, 10.125], "texture": "#0"},
        "down": {"uv": [5.375, 10.75, 4.875, 11.375], "texture": "#0"}
      }
    },
    {
      "from": [-3.25, 29.75, -10],
      "to": [5.75, 32, 1.25],
      "rotation": {"angle": 0, "axis": "y", "origin": [8, 0, 8]},
      "faces": {
        "north": {"uv": [12.375, 0.5, 12.875, 0.625], "texture": "#0"},
        "east": {"uv": [12.25, 2.375, 12.875, 2.5], "texture": "#0"},
        "south": {"uv": [12.375, 0.625, 12.875, 0.75], "texture": "#0"},
        "west": {"uv": [12.25, 2.5, 12.875, 2.625], "texture": "#0"},
        "up": {"uv": [3.75, 11.625, 3.25, 11], "texture": "#0"},
        "down": {"uv": [4.25, 11, 3.75, 11.625], "texture": "#0"}
      }
    },
    {
      "from": [3.5, 29.75, -10],
      "to": [12.5, 32, -7.75],
      "rotation": {"angle": 0, "axis": "y", "origin": [8, 0, 8]},
      "faces": {
        "north": {"uv": [1.5, 9, 2, 9.125], "texture": "#0"},
        "east": {"uv": [7.5, 6, 7.625, 6.125], "texture": "#0"},
        "south": {"uv": [7.75, 10, 8.25, 10.125], "texture": "#0"},
        "west": {"uv": [8.5, 0.625, 8.625, 0.75], "texture": "#0"},
        "up": {"uv": [1.25, 10.75, 0.75, 10.625], "texture": "#0"},
        "down": {"uv": [11.125, 1.75, 10.625, 1.875], "texture": "#0"}
      }
    },
    {
      "from": [1.25, 29.75, -10],
      "to": [14.75, 32, -7.75],
      "rotation": {"angle": 0, "axis": "y", "origin": [8, 0, 8]},
      "faces": {
        "north": {"uv": [12.125, 7.75, 12.875, 7.875], "texture": "#0"},
        "east": {"uv": [4.875, 9, 5, 9.125], "texture": "#0"},
        "south": {"uv": [12.125, 7.875, 12.875, 8], "texture": "#0"},
        "west": {"uv": [10.125, 2.875, 10.25, 3], "texture": "#0"},
        "up": {"uv": [12.875, 8.125, 12.125, 8], "texture": "#0"},
        "down": {"uv": [12.875, 8.125, 12.125, 8.25], "texture": "#0"}
      }
    },
    {
      "from": [1.25, 27.5, -7.75],
      "to": [14.75, 32, 3.5],
      "rotation": {"angle": 0, "axis": "y", "origin": [8, 0, 8]},
      "faces": {
        "north": {"uv": [11.75, 4.125, 12.5, 4.375], "texture": "#0"},
        "east": {"uv": [8.25, 3.375, 8.875, 3.625], "texture": "#0"},
        "south": {"uv": [11.75, 6.5, 12.5, 6.75], "texture": "#0"},
        "west": {"uv": [9.875, 5.625, 10.5, 5.875], "texture": "#0"},
        "up": {"uv": [10.25, 0.625, 9.5, 0], "texture": "#0"},
        "down": {"uv": [10.5, 2.25, 9.75, 2.875], "texture": "#0"}
      }
    },
    {
      "from": [-5.5, 11.25, -1],
      "to": [5.75, 20.25, 12.5],
      "rotation": {"angle": 22.5, "axis": "x", "origin": [8, 0, 8]},
      "faces": {
        "north": {"uv": [2, 11.25, 2.625, 11.75], "texture": "#0"},
        "east": {"uv": [10.25, 10.75, 11, 11.25], "texture": "#0"},
        "south": {"uv": [2.625, 11.25, 3.25, 11.75], "texture": "#0"},
        "west": {"uv": [10.875, 0, 11.625, 0.5], "texture": "#0"},
        "up": {"uv": [10.75, 7.625, 10.125, 6.875], "texture": "#0"},
        "down": {"uv": [7.625, 10.125, 7, 10.875], "texture": "#0"}
      }
    },
    {
      "from": [-3.25, 6.75, 5.75],
      "to": [3.5, 15.75, 14.75],
      "rotation": {"angle": 0, "axis": "y", "origin": [-1, 13.5, 8]},
      "faces": {
        "north": {"uv": [6.75, 12, 7.125, 12.5], "texture": "#0"},
        "east": {"uv": [3.25, 11.625, 3.75, 12.125], "texture": "#0"},
        "south": {"uv": [12, 6.875, 12.375, 7.375], "texture": "#0"},
        "west": {"uv": [3.75, 11.625, 4.25, 12.125], "texture": "#0"},
        "up": {"uv": [12.375, 8.75, 12, 8.25], "texture": "#0"},
        "down": {"uv": [12.375, 8.75, 12, 9.25], "texture": "#0"}
      }
    },
    {
      "from": [-3.24325, 0.00675, 10.25675],
      "to": [3.49325, 6.74325, 14.74325],
      "rotation": {"angle": -22.5, "axis": "x", "origin": [8, 0, 8]},
      "faces": {
        "north": {"uv": [12.125, 1.25, 12.5, 1.625], "texture": "#0"},
        "east": {"uv": [1.875, 12.25, 2.125, 12.625], "texture": "#0"},
        "south": {"uv": [12.125, 1.75, 12.5, 2.125], "texture": "#0"},
        "west": {"uv": [2.125, 12.25, 2.375, 12.625], "texture": "#0"},
        "up": {"uv": [10.125, 3.125, 9.75, 2.875], "texture": "#0"},
        "down": {"uv": [4, 10.125, 3.625, 10.375], "texture": "#0"}
      }
    },
    {
      "from": [-3.2455, 0.0045, 5.7545],
      "to": [3.4955, 2.2455, 14.7455],
      "rotation": {"angle": 0, "axis": "y", "origin": [8, 0, 8]},
      "faces": {
        "north": {"uv": [12.375, 10.875, 12.75, 11], "texture": "#0"},
        "east": {"uv": [12.375, 9.125, 12.875, 9.25], "texture": "#0"},
        "south": {"uv": [3.625, 12.5, 4, 12.625], "texture": "#0"},
        "west": {"uv": [12.375, 10.75, 12.875, 10.875], "texture": "#0"},
        "up": {"uv": [9.25, 12.5, 8.875, 12], "texture": "#0"},
        "down": {"uv": [9.625, 12, 9.25, 12.5], "texture": "#0"}
      }
    },
    {
      "from": [10.25, 11.25, -1],
      "to": [21.5, 20.25, 12.5],
      "rotation": {"angle": 22.5, "axis": "x", "origin": [23.75, 0, 8]},
      "faces": {
        "north": {"uv": [0, 11.25, 0.625, 11.75], "texture": "#0"},
        "east": {"uv": [10.75, 6.875, 11.5, 7.375], "texture": "#0"},
        "south": {"uv": [1.375, 11.25, 2, 11.75], "texture": "#0"},
        "west": {"uv": [9.5, 10.75, 10.25, 11.25], "texture": "#0"},
        "up": {"uv": [3.625, 10.75, 3, 10], "texture": "#0"},
        "down": {"uv": [5.5, 10, 4.875, 10.75], "texture": "#0"}
      }
    },
    {
      "from": [12.5, 6.75, 5.75],
      "to": [19.25, 15.75, 14.75],
      "rotation": {"angle": 0, "axis": "y", "origin": [14.75, 13.5, 8]},
      "faces": {
        "north": {"uv": [2.875, 11.75, 3.25, 12.25], "texture": "#0"},
        "east": {"uv": [0.625, 11.625, 1.125, 12.125], "texture": "#0"},
        "south": {"uv": [4.25, 12, 4.625, 12.5], "texture": "#0"},
        "west": {"uv": [11.625, 1.75, 12.125, 2.25], "texture": "#0"},
        "up": {"uv": [5.625, 12.5, 5.25, 12], "texture": "#0"},
        "down": {"uv": [6, 12, 5.625, 12.5], "texture": "#0"}
      }
    },
    {
      "from": [12.50675, 0.00675, 10.25675],
      "to": [19.24325, 6.74325, 14.74325],
      "rotation": {"angle": -22.5, "axis": "x", "origin": [23.75, 0, 8]},
      "faces": {
        "north": {"uv": [0.375, 12.125, 0.75, 12.5], "texture": "#0"},
        "east": {"uv": [1.375, 12.25, 1.625, 12.625], "texture": "#0"},
        "south": {"uv": [0.75, 12.125, 1.125, 12.5], "texture": "#0"},
        "west": {"uv": [1.625, 12.25, 1.875, 12.625], "texture": "#0"},
        "up": {"uv": [8, 1.75, 7.625, 1.5], "texture": "#0"},
        "down": {"uv": [9.75, 4.375, 9.375, 4.625], "texture": "#0"}
      }
    },
    {
      "from": [12.5045, 0.0045, 5.7545],
      "to": [19.2455, 2.2455, 14.7455],
      "rotation": {"angle": 0, "axis": "y", "origin": [23.75, 0, 8]},
      "faces": {
        "north": {"uv": [1.375, 11.125, 1.75, 11.25], "texture": "#0"},
        "east": {"uv": [12.375, 8.875, 12.875, 9], "texture": "#0"},
        "south": {"uv": [11.125, 2.375, 11.5, 2.5], "texture": "#0"},
        "west": {"uv": [12.375, 9, 12.875, 9.125], "texture": "#0"},
        "up": {"uv": [6.375, 12.5, 6, 12], "texture": "#0"},
        "down": {"uv": [6.75, 12, 6.375, 12.5], "texture": "#0"}
      }
    }
  ],
  "groups": [
    {
      "name": "hitbox",
      "origin": [8, 45, -7],
      "color": 0,
      "children": [0]
    },
    {
      "name": "Rocky",
      "origin": [8, 0, 8],
      "color": 0,
      "children": [
        {
          "name": "Body",
          "origin": [8, 42.75, 8],
          "color": 0,
          "children": [
            0,
            1,
            2,
            3,
            4,
            5,
            6,
            7,
            8,
            9,
            10,
            11,
            12,
            13,
            14,
            15,
            16,
            17,
            18,
            19,
            20,
            21,
            22,
            23,
            24,
            25,
            {
              "name": "Crystal3",
              "origin": [8, 56.25, 35],
              "color": 0,
              "children": [26, 27]
            },
            {
              "name": "Cryatla1",
              "origin": [8, 56.25, 35],
              "color": 0,
              "children": [28, 29]
            },
            {
              "name": "LeftArm",
              "origin": [-16.75, 49.5, 14.75],
              "color": 0,
              "children": [
                30,
                31,
                {
                  "name": "Cystal3",
                  "origin": [-19, 49.5, 19.25],
                  "color": 0,
                  "children": [32, 33]
                },
                34,
                {
                  "name": "Crystal2",
                  "origin": [-30.25, 60.75, 12.5],
                  "color": 0,
                  "children": [35, 36]
                },
                37,
                {
                  "name": "LowerLeftArm",
                  "origin": [-21.25, 36, 14.75],
                  "color": 0,
                  "children": [38, 39, 40, 41, 42, 43, 44, 45]
                }
              ]
            },
            {
              "name": "RightArm",
              "origin": [30.5, 49.5, 14.75],
              "color": 0,
              "children": [
                46,
                47,
                48,
                49,
                {
                  "name": "LowerRightArm",
                  "origin": [37.25, 40.5, 14.75],
                  "color": 0,
                  "children": [50, 51, 52, 53, 54, 55, 56, 57, 58]
                }
              ]
            },
            {
              "name": "h_head",
              "origin": [8, 42.75, 3.5],
              "color": 0,
              "children": [
                59,
                60,
                61,
                62,
                63,
                64,
                65,
                66,
                67,
                68,
                69,
                {
                  "name": "h_jaw",
                  "origin": [8, 38.25, 1.25],
                  "color": 0,
                  "children": [70, 71, 72]
                }
              ]
            }
          ]
        },
        {
          "name": "LeftLeg",
          "origin": [-1, 15.75, 12.5],
          "color": 0,
          "children": [
            73,
            74,
            {
              "name": "RightLeg4",
              "origin": [-1, 9, 12.5],
              "color": 0,
              "children": [75, 76]
            }
          ]
        },
        {
          "name": "RightLeg",
          "origin": [14.75, 15.75, 12.5],
          "color": 0,
          "children": [
            77,
            78,
            {
              "name": "RightLeg2",
              "origin": [14.75, 9, 12.5],
              "color": 0,
              "children": [79, 80]
            }
          ]
        }
      ]
    }
  ]
}